{
  "arm": "control",
  "segments": 10,
  "decisions_applied": 0,
  "rollbacks": 0,
  "rejected": 0,
  "final_knobs": {
    "termination_threshold.anchor_pos": 0.15,
    "termination_threshold.ee_body_pos": 0.15,
    "termination_threshold.foot_pos_xyz": 0.2
  },
  "rew_series": [
    0.99818,
    1.02656,
    0.93903,
    1.01459,
    0.92592,
    1.16094,
    0.88118,
    0.81564,
    0.94951,
    1.10177
  ],
  "len_series": [
    15.32,
    14.36,
    14.62,
    14.29,
    13.67,
    16.94,
    14.8,
    13.36,
    14.04,
    15.89
  ],
  "eval_progress_series": [
    0.08088222167134518,
    0.08095474294532323,
    0.08339834452635841,
    0.08406966459733667,
    0.08576296864339383,
    0.08462592672003666,
    0.08842485943023348,
    0.08551965503284009,
    0.08701608790579485,
    0.08790732763736742
  ],
  "eval_mpjpe_series": [
    54.05159797541723,
    54.0541857088919,
    54.26083941792333,
    53.97586651914609,
    54.332633830005335,
    53.85445183648004,
    54.015620315690896,
    54.2646903435621,
    53.646892051091264,
    54.23822825295585
  ]
}
