{
  "arm": "control",
  "segments": 10,
  "decisions_applied": 0,
  "rollbacks": 0,
  "rejected": 0,
  "final_knobs": {
    "termination_threshold.anchor_pos": 0.15,
    "termination_threshold.ee_body_pos": 0.15,
    "termination_threshold.foot_pos_xyz": 0.2
  },
  "rew_series": [
    0.89844,
    1.07132,
    0.8776,
    1.02009,
    0.89284,
    1.11807,
    0.85258,
    1.06476,
    0.91949,
    0.93707
  ],
  "len_series": [
    13.18,
    14.81,
    13.48,
    14.73,
    12.9,
    15.14,
    12.92,
    14.36,
    13.11,
    13.17
  ],
  "eval_progress_series": [
    0.08690779205790022,
    0.08616236580564873,
    0.08714331905503059,
    0.08808020287688123,
    0.09636064872756833,
    0.09220180879492546,
    0.09422441075003007,
    0.0948207341498346,
    0.09287932641018415,
    0.09693259813502664
  ],
  "eval_mpjpe_series": [
    56.815373091264206,
    55.85330398361404,
    55.79111447024655,
    55.49846027728012,
    58.032154634819705,
    56.70668501012466,
    58.22948886326382,
    59.013198240228114,
    58.24962501964349,
    57.51630676459081
  ]
}
