{
  "arm": "control",
  "segments": 10,
  "decisions_applied": 0,
  "rollbacks": 0,
  "rejected": 0,
  "final_knobs": {
    "termination_threshold.anchor_pos": 0.15,
    "termination_threshold.ee_body_pos": 0.15,
    "termination_threshold.foot_pos_xyz": 0.2
  },
  "rew_series": [
    0.99818,
    0.9498,
    1.11862,
    0.84902,
    1.02097,
    0.91948,
    1.03849,
    0.92308,
    0.96379,
    0.98577
  ],
  "len_series": [
    15.32,
    14.84,
    16.57,
    12.74,
    15.41,
    14.1,
    14.63,
    13.66,
    14.15,
    13.98
  ],
  "eval_progress_series": [
    0.08088222167134518,
    0.08101158304634737,
    0.08230977552739205,
    0.083286625223991,
    0.08365058789058821,
    0.08414612862543436,
    0.08522830345464172,
    0.08751949080760824,
    0.09016458856785903,
    0.09155298255063826
  ],
  "eval_mpjpe_series": [
    54.05159797541723,
    53.9711431458939,
    53.66169884091331,
    53.7509830524395,
    53.185814795556006,
    53.48309123051631,
    53.838786179045115,
    54.032781351663424,
    55.61245107784324,
    55.065270599053825
  ]
}
