{
  "arm": "control",
  "segments": 6,
  "decisions_applied": 0,
  "rollbacks": 0,
  "rejected": 0,
  "final_knobs": {},
  "rew_series": [
    1.56331,
    1.24118,
    1.7185,
    1.44504,
    1.44178,
    1.8394
  ],
  "len_series": [
    18.02,
    15.37,
    20.47,
    16.41,
    16.56,
    20.72
  ],
  "eval_progress_series": [
    0.003246753243729472,
    0.003496503457427025,
    0.003496503457427025,
    0.003496503457427025,
    0.0037462536711245775,
    0.0037462536711245775
  ],
  "eval_mpjpe_series": [
    34.59480830601284,
    38.94317844935826,
    38.60086277553013,
    37.54773167201451,
    39.232363746279766,
    38.88477337549604
  ]
}
