{
  "arm": "control",
  "segments": 10,
  "decisions_applied": 0,
  "rollbacks": 0,
  "rejected": 0,
  "final_knobs": {
    "termination_threshold.anchor_pos": 0.15,
    "termination_threshold.ee_body_pos": 0.15,
    "termination_threshold.foot_pos_xyz": 0.2
  },
  "rew_series": [
    0.89844,
    0.96372,
    0.94429,
    1.00367,
    0.97261,
    1.25137,
    0.78449,
    1.05975,
    1.1032,
    0.86579
  ],
  "len_series": [
    13.18,
    14.03,
    13.62,
    13.73,
    14.54,
    16.41,
    13.62,
    15.02,
    14.99,
    13.08
  ],
  "eval_progress_series": [
    0.08690779205790022,
    0.08819931362086209,
    0.08769088477856712,
    0.08820246815594146,
    0.08942857813235605,
    0.09084339006949449,
    0.09381769452738808,
    0.10914574471098604,
    0.11094463180779712,
    0.09877078663703287
  ],
  "eval_mpjpe_series": [
    56.815373091264206,
    58.69477240367286,
    55.42531526056583,
    55.42329773867041,
    55.01202947095522,
    55.229384135730164,
    57.02782240096948,
    59.43849478989537,
    59.38932849103267,
    58.17712612447558
  ]
}
