{
  "arm": "manager",
  "segments": 10,
  "decisions_applied": 5,
  "rollbacks": 0,
  "rejected": 0,
  "final_knobs": {
    "termination_threshold.anchor_pos": 0.15,
    "termination_threshold.ee_body_pos": 0.25,
    "termination_threshold.foot_pos_xyz": 0.35
  },
  "rew_series": [
    0.89844,
    1.07132,
    0.94728,
    1.17424,
    0.96388,
    1.09464,
    1.29387,
    1.08442,
    1.27727,
    1.1247
  ],
  "len_series": [
    13.18,
    14.81,
    13.91,
    16.27,
    15.13,
    16.32,
    19.11,
    17.99,
    19.72,
    18.33
  ],
  "eval_progress_series": [
    0.08690779205790022,
    0.08616236580564873,
    0.08630151558463695,
    0.08516950422927039,
    0.08508063678891631,
    0.08704419947025599,
    0.09926459595590131,
    0.09979490008117864,
    0.09772064784920076,
    0.09512396320496919
  ],
  "eval_mpjpe_series": [
    56.815373091264206,
    55.85330398361404,
    55.826893675172485,
    55.947241323965564,
    54.85611875764618,
    56.97483930069676,
    59.14473307571805,
    59.54126727568593,
    58.54727865950439,
    56.51706341269094
  ]
}
