{
  "arm": "manager",
  "segments": 10,
  "decisions_applied": 4,
  "rollbacks": 0,
  "rejected": 0,
  "final_knobs": {
    "termination_threshold.anchor_pos": 0.15,
    "termination_threshold.ee_body_pos": 0.25,
    "termination_threshold.foot_pos_xyz": 0.3
  },
  "rew_series": [
    0.99818,
    1.02656,
    0.92448,
    0.95227,
    1.13818,
    1.09555,
    1.07565,
    1.28641,
    1.20514,
    1.1867
  ],
  "len_series": [
    15.32,
    14.36,
    13.89,
    14.96,
    18.69,
    16.75,
    17.75,
    20.31,
    18.61,
    18.92
  ],
  "eval_progress_series": [
    0.08088222167134518,
    0.08095474294532323,
    0.08149754055921221,
    0.0813923985188012,
    0.08220822257135296,
    0.08579890678083757,
    0.10279514420108171,
    0.10590728099487023,
    0.10552705726149725,
    0.10563762396486709
  ],
  "eval_mpjpe_series": [
    54.05159797541723,
    54.0541857088919,
    54.60598285181994,
    53.69338386003361,
    54.24578035032595,
    54.81395967850774,
    60.08351671434573,
    59.35775143334141,
    60.263205816324735,
    60.4320598746299
  ]
}
