{
  "arm": "scripted",
  "segments": 10,
  "decisions_applied": 5,
  "rollbacks": 0,
  "rejected": 0,
  "final_knobs": {
    "termination_threshold.anchor_pos": 0.15,
    "termination_threshold.ee_body_pos": 0.25,
    "termination_threshold.foot_pos_xyz": 0.35
  },
  "rew_series": [
    0.89844,
    1.07132,
    0.94728,
    1.11832,
    1.35657,
    1.18176,
    1.17188,
    1.19812,
    1.10059,
    1.15834
  ],
  "len_series": [
    13.18,
    14.81,
    13.91,
    15.94,
    19.11,
    16.36,
    19.18,
    17.81,
    18.04,
    18.58
  ],
  "eval_progress_series": [
    0.08690779205790022,
    0.08616236580564873,
    0.08630151558463695,
    0.08673812557390193,
    0.09039269624190638,
    0.09128515327029163,
    0.09329417869594181,
    0.09617991426057415,
    0.09445006028545322,
    0.09465728229406523
  ],
  "eval_mpjpe_series": [
    56.815373091264206,
    55.85330398361404,
    55.826893675172485,
    55.352576820217834,
    55.88420969522028,
    54.23250779025073,
    56.50262167794364,
    56.830013923358194,
    56.23771811150885,
    55.97388399564303
  ]
}
